runtimeVersion	0.10.35.29057
universeAlgoVersion	20200403
mode	full
seed	scope	planetsGenerated	elapsedMs	resourceData	commonTotal	maxSystemCommon	maxSystemShare	rareNearestLy
45772	cluster	216	28046	1:5719481725:28664:1524,2:5821897550:29815:1500,3:2511012618:13470:750,4:5563077251:26044:1209,5:3254280570:17381:951,6:724766325:5378:415,7:63931194:433:433,8:1156982554:5719:290,9:316433745:1737:104,10:77862591:537:42,11:93350302:554:28,12:170001079:1147:87,13:172184786:1440:75,14:5674543:30:2	23594516039	1281378100	0.054308301890234841	8:0,9:2.3970062259570724,10:2.3970062259570724,11:4.6710870536449782,12:2.3970062259570724,13:2.3970062259570724,14:38.494946892165409
73339583	cluster	218	28868	1:4733295485:26124:1408,2:5542040592:30204:1538,3:2491425687:13489:754,4:5016388824:25330:1179,5:3491632813:18745:1006,6:701034729:5292:401,7:59595224:417:417,8:967478336:5228:259,9:291140514:1976:121,10:111451532:698:53,11:83694551:519:28,12:205509052:1231:75,13:139924006:1022:55,14:3649185:30:2	21975818130	950605090	0.043256869181233983	8:2.0278570478911782,9:2.0278570478911782,10:2.0278570478911782,11:2.0278570478911782,12:4.8274179797644292,13:7.2207868967309983,14:28.615767198300883
96178012	cluster	196	25626	1:4749849637:26352:1398,2:4833556671:25710:1306,3:2071741745:11201:627,4:4382393499:23728:1106,5:2742791509:16306:868,6:701118708:4989:375,7:55933377:376:376,8:902628020:5548:277,9:294686348:1777:105,10:61730215:462:38,11:121304359:727:38,12:216698501:2098:146,13:186609518:1375:70,14:3323315:76:5	19481451769	976042303	0.050101107174832543	8:2.7535357748873235,9:4.8704446851533376,10:6.807401830465766,11:5.3633177133784109,12:4.8704446851533376,13:5.7929940108563809,14:7.3533648225649371
48823053	cluster	210	26632	1:4809189079:27064:1453,2:4904735808:27462:1409,3:2140576553:12233:686,4:5012120758:26383:1224,5:3194694021:17686:946,6:698707484:4889:384,7:56042035:386:386,8:1023798410:5652:273,9:342148461:1932:110,10:123326298:638:46,11:87845314:519:30,12:239537499:1436:97,13:77093612:518:28,14:7106175:82:5	20760023703	1695088869	0.08165158639751674	8:2.6446060526392454,9:2.4223371526383506,10:3.542124919326938,11:2.4223371526383506,12:5.0294937133016928,13:2.4223371526383506,14:23.3710880547567
16315224	cluster	207	26731	1:5149530570:27369:1456,2:5223197911:28535:1451,3:2311878726:13871:763,4:4557342142:22586:1054,5:3778037611:19288:1029,6:834259656:6402:448,7:69395215:539:539,8:523034020:2919:160,9:419370647:2132:124,10:159833537:759:58,11:144390570:902:47,12:277166372:1768:120,13:105940431:703:34,14:2742450:46:3	21854246616	1055182716	0.048282731248556345	8:4.650300098671007,9:4.650300098671007,10:2.6474054993351017,11:2.6474054993351017,12:4.7129023463108917,13:2.6474054993351017,14:8.37162384272591
12074390	cluster	209	27045	1:7021450398:27771:1474,2:7475323804:29883:1510,3:3161323534:12894:712,4:6782074240:24244:1121,5:4621777677:18963:1002,6:1181033481:5536:421,7:61230875:385:385,8:949872635:3558:180,9:713891334:2454:137,10:78008009:502:40,11:161466410:624:32,12:271799254:1508:100,13:123357592:495:25,14:39087738:157:10	30242983134	1722593428	0.056958449514307757	8:0,9:4.5722319104056472,10:4.5722319104056472,11:2.8148937514121153,12:4.5722319104056472,13:2.8148937514121153,14:61.446557576480657
82506644	cluster	214	27706	1:6280648490:28917:1518,2:6821622711:30022:1527,3:3163180731:14531:807,4:5745662398:24315:1133,5:3953201905:18194:999,6:902275023:5811:430,7:61355933:441:441,8:941413111:4786:265,9:365943703:1803:107,10:63622196:363:32,11:98578925:624:33,12:264081483:1410:100,13:23937925:180:11,14:7132681:77:5	26866591258	1448690673	0.0539216404153477	8:0,9:2.9946888719660647,10:5.3416332991418658,11:3.7222990765994322,12:2.9946888719660647,13:3.7222990765994322,14:25.339929593265058
61571387	cluster	211	26917	1:7523116779:26224:1398,2:7959139454:27644:1413,3:3492143998:13199:729,4:7695811394:25150:1166,5:4357109608:17059:931,6:1021397204:5646:413,7:76758174:507:507,8:1533872071:5326:260,9:559874565:2076:119,10:124848902:645:53,11:108012526:558:29,12:354194550:1542:109,13:205651773:1353:71,14:37456481:219:14	32048718437	1772057821	0.055292626582976651	8:4.5052476669819672,9:4.5052476669819672,10:6.9814528559062881,11:5.03240557895684,12:4.5052476669819672,13:2.7287926565524163,14:33.8518428267012
